policy,frames,seed,phase,accesses,page_faults,hit_ratio
FIFO,32,0,before,10000,8353,0.1647
FIFO,32,0,after,10000,4442,0.5558
FIFO,32,0,overall,20000,12795,0.3603
LRU,32,0,before,10000,7897,0.2103
LRU,32,0,after,10000,4444,0.5556
LRU,32,0,overall,20000,12341,0.383
Optimal,32,0,before,10000,3518,0.6482
Optimal,32,0,after,10000,2778,0.7222
Optimal,32,0,overall,20000,6296,0.6852
Learned (static),32,0,before,10000,6642,0.3358
Learned (static),32,0,after,10000,4455,0.5545
Learned (static),32,0,overall,20000,11097,0.4451
Learned (adaptive),32,0,before,10000,6297,0.3703
Learned (adaptive),32,0,after,10000,4424,0.5576
Learned (adaptive),32,0,overall,20000,10721,0.4639
FIFO,32,1,before,10000,8322,0.1678
FIFO,32,1,after,10000,4474,0.5526
FIFO,32,1,overall,20000,12796,0.3602
LRU,32,1,before,10000,7877,0.2123
LRU,32,1,after,10000,4474,0.5526
LRU,32,1,overall,20000,12351,0.3825
Optimal,32,1,before,10000,3517,0.6483
Optimal,32,1,after,10000,2785,0.7215
Optimal,32,1,overall,20000,6302,0.6849
Learned (static),32,1,before,10000,7073,0.2927
Learned (static),32,1,after,10000,4450,0.555
Learned (static),32,1,overall,20000,11523,0.4239
Learned (adaptive),32,1,before,10000,6990,0.301
Learned (adaptive),32,1,after,10000,4439,0.5561
Learned (adaptive),32,1,overall,20000,11429,0.4285
FIFO,32,2,before,10000,8350,0.165
FIFO,32,2,after,10000,4486,0.5514
FIFO,32,2,overall,20000,12836,0.3582
LRU,32,2,before,10000,7914,0.2086
LRU,32,2,after,10000,4495,0.5505
LRU,32,2,overall,20000,12409,0.3795
Optimal,32,2,before,10000,3539,0.6461
Optimal,32,2,after,10000,2827,0.7173
Optimal,32,2,overall,20000,6366,0.6817
Learned (static),32,2,before,10000,6808,0.3192
Learned (static),32,2,after,10000,4494,0.5506
Learned (static),32,2,overall,20000,11302,0.4349
Learned (adaptive),32,2,before,10000,6549,0.3451
Learned (adaptive),32,2,after,10000,4509,0.5491
Learned (adaptive),32,2,overall,20000,11058,0.4471
FIFO,32,3,before,10000,8291,0.1709
FIFO,32,3,after,10000,4490,0.551
FIFO,32,3,overall,20000,12781,0.3609
LRU,32,3,before,10000,7816,0.2184
LRU,32,3,after,10000,4478,0.5522
LRU,32,3,overall,20000,12294,0.3853
Optimal,32,3,before,10000,3498,0.6502
Optimal,32,3,after,10000,2783,0.7217
Optimal,32,3,overall,20000,6281,0.6859
Learned (static),32,3,before,10000,6889,0.3111
Learned (static),32,3,after,10000,4463,0.5537
Learned (static),32,3,overall,20000,11352,0.4324
Learned (adaptive),32,3,before,10000,6755,0.3245
Learned (adaptive),32,3,after,10000,4488,0.5512
Learned (adaptive),32,3,overall,20000,11243,0.4379
FIFO,32,4,before,10000,8387,0.1613
FIFO,32,4,after,10000,4391,0.5609
FIFO,32,4,overall,20000,12778,0.3611
LRU,32,4,before,10000,7940,0.206
LRU,32,4,after,10000,4401,0.5599
LRU,32,4,overall,20000,12341,0.383
Optimal,32,4,before,10000,3548,0.6452
Optimal,32,4,after,10000,2744,0.7256
Optimal,32,4,overall,20000,6292,0.6854
Learned (static),32,4,before,10000,7056,0.2944
Learned (static),32,4,after,10000,4441,0.5559
Learned (static),32,4,overall,20000,11497,0.4251
Learned (adaptive),32,4,before,10000,7059,0.2941
Learned (adaptive),32,4,after,10000,4363,0.5637
Learned (adaptive),32,4,overall,20000,11422,0.4289
FIFO,64,0,before,10000,205,0.9795
FIFO,64,0,after,10000,3634,0.6366
FIFO,64,0,overall,20000,3839,0.8081
LRU,64,0,before,10000,188,0.9812
LRU,64,0,after,10000,3642,0.6358
LRU,64,0,overall,20000,3830,0.8085
Optimal,64,0,before,10000,188,0.9812
Optimal,64,0,after,10000,1789,0.8211
Optimal,64,0,overall,20000,1977,0.9012
Learned (static),64,0,before,10000,188,0.9812
Learned (static),64,0,after,10000,3643,0.6357
Learned (static),64,0,overall,20000,3831,0.8085
Learned (adaptive),64,0,before,10000,188,0.9812
Learned (adaptive),64,0,after,10000,3651,0.6349
Learned (adaptive),64,0,overall,20000,3839,0.8081
FIFO,64,1,before,10000,206,0.9794
FIFO,64,1,after,10000,3608,0.6392
FIFO,64,1,overall,20000,3814,0.8093
LRU,64,1,before,10000,188,0.9812
LRU,64,1,after,10000,3620,0.638
LRU,64,1,overall,20000,3808,0.8096
Optimal,64,1,before,10000,188,0.9812
Optimal,64,1,after,10000,1818,0.8182
Optimal,64,1,overall,20000,2006,0.8997
Learned (static),64,1,before,10000,188,0.9812
Learned (static),64,1,after,10000,3609,0.6391
Learned (static),64,1,overall,20000,3797,0.8102
Learned (adaptive),64,1,before,10000,188,0.9812
Learned (adaptive),64,1,after,10000,3628,0.6372
Learned (adaptive),64,1,overall,20000,3816,0.8092
FIFO,64,2,before,10000,205,0.9795
FIFO,64,2,after,10000,3655,0.6345
FIFO,64,2,overall,20000,3860,0.807
LRU,64,2,before,10000,188,0.9812
LRU,64,2,after,10000,3660,0.634
LRU,64,2,overall,20000,3848,0.8076
Optimal,64,2,before,10000,188,0.9812
Optimal,64,2,after,10000,1834,0.8166
Optimal,64,2,overall,20000,2022,0.8989
Learned (static),64,2,before,10000,188,0.9812
Learned (static),64,2,after,10000,3656,0.6344
Learned (static),64,2,overall,20000,3844,0.8078
Learned (adaptive),64,2,before,10000,188,0.9812
Learned (adaptive),64,2,after,10000,3646,0.6354
Learned (adaptive),64,2,overall,20000,3834,0.8083
FIFO,64,3,before,10000,205,0.9795
FIFO,64,3,after,10000,3601,0.6399
FIFO,64,3,overall,20000,3806,0.8097
LRU,64,3,before,10000,188,0.9812
LRU,64,3,after,10000,3587,0.6413
LRU,64,3,overall,20000,3775,0.8113
Optimal,64,3,before,10000,188,0.9812
Optimal,64,3,after,10000,1800,0.82
Optimal,64,3,overall,20000,1988,0.9006
Learned (static),64,3,before,10000,188,0.9812
Learned (static),64,3,after,10000,3575,0.6425
Learned (static),64,3,overall,20000,3763,0.8118
Learned (adaptive),64,3,before,10000,188,0.9812
Learned (adaptive),64,3,after,10000,3649,0.6351
Learned (adaptive),64,3,overall,20000,3837,0.8082
FIFO,64,4,before,10000,205,0.9795
FIFO,64,4,after,10000,3539,0.6461
FIFO,64,4,overall,20000,3744,0.8128
LRU,64,4,before,10000,188,0.9812
LRU,64,4,after,10000,3532,0.6468
LRU,64,4,overall,20000,3720,0.814
Optimal,64,4,before,10000,188,0.9812
Optimal,64,4,after,10000,1781,0.8219
Optimal,64,4,overall,20000,1969,0.9015
Learned (static),64,4,before,10000,188,0.9812
Learned (static),64,4,after,10000,3558,0.6442
Learned (static),64,4,overall,20000,3746,0.8127
Learned (adaptive),64,4,before,10000,188,0.9812
Learned (adaptive),64,4,after,10000,3568,0.6432
Learned (adaptive),64,4,overall,20000,3756,0.8122
FIFO,128,0,before,10000,196,0.9804
FIFO,128,0,after,10000,1872,0.8128
FIFO,128,0,overall,20000,2068,0.8966
LRU,128,0,before,10000,188,0.9812
LRU,128,0,after,10000,1900,0.81
LRU,128,0,overall,20000,2088,0.8956
Optimal,128,0,before,10000,188,0.9812
Optimal,128,0,after,10000,647,0.9353
Optimal,128,0,overall,20000,835,0.9583
Learned (static),128,0,before,10000,188,0.9812
Learned (static),128,0,after,10000,1892,0.8108
Learned (static),128,0,overall,20000,2080,0.896
Learned (adaptive),128,0,before,10000,188,0.9812
Learned (adaptive),128,0,after,10000,1913,0.8087
Learned (adaptive),128,0,overall,20000,2101,0.895
FIFO,128,1,before,10000,196,0.9804
FIFO,128,1,after,10000,1927,0.8073
FIFO,128,1,overall,20000,2123,0.8939
LRU,128,1,before,10000,188,0.9812
LRU,128,1,after,10000,1926,0.8074
LRU,128,1,overall,20000,2114,0.8943
Optimal,128,1,before,10000,188,0.9812
Optimal,128,1,after,10000,677,0.9323
Optimal,128,1,overall,20000,865,0.9567
Learned (static),128,1,before,10000,188,0.9812
Learned (static),128,1,after,10000,1915,0.8085
Learned (static),128,1,overall,20000,2103,0.8949
Learned (adaptive),128,1,before,10000,188,0.9812
Learned (adaptive),128,1,after,10000,1954,0.8046
Learned (adaptive),128,1,overall,20000,2142,0.8929
FIFO,128,2,before,10000,196,0.9804
FIFO,128,2,after,10000,1959,0.8041
FIFO,128,2,overall,20000,2155,0.8922
LRU,128,2,before,10000,188,0.9812
LRU,128,2,after,10000,1934,0.8066
LRU,128,2,overall,20000,2122,0.8939
Optimal,128,2,before,10000,188,0.9812
Optimal,128,2,after,10000,673,0.9327
Optimal,128,2,overall,20000,861,0.9569
Learned (static),128,2,before,10000,188,0.9812
Learned (static),128,2,after,10000,1935,0.8065
Learned (static),128,2,overall,20000,2123,0.8939
Learned (adaptive),128,2,before,10000,188,0.9812
Learned (adaptive),128,2,after,10000,1904,0.8096
Learned (adaptive),128,2,overall,20000,2092,0.8954
FIFO,128,3,before,10000,196,0.9804
FIFO,128,3,after,10000,1944,0.8056
FIFO,128,3,overall,20000,2140,0.893
LRU,128,3,before,10000,188,0.9812
LRU,128,3,after,10000,1927,0.8073
LRU,128,3,overall,20000,2115,0.8942
Optimal,128,3,before,10000,188,0.9812
Optimal,128,3,after,10000,649,0.9351
Optimal,128,3,overall,20000,837,0.9581
Learned (static),128,3,before,10000,188,0.9812
Learned (static),128,3,after,10000,1893,0.8107
Learned (static),128,3,overall,20000,2081,0.896
Learned (adaptive),128,3,before,10000,188,0.9812
Learned (adaptive),128,3,after,10000,1937,0.8063
Learned (adaptive),128,3,overall,20000,2125,0.8938
FIFO,128,4,before,10000,196,0.9804
FIFO,128,4,after,10000,1885,0.8115
FIFO,128,4,overall,20000,2081,0.896
LRU,128,4,before,10000,188,0.9812
LRU,128,4,after,10000,1906,0.8094
LRU,128,4,overall,20000,2094,0.8953
Optimal,128,4,before,10000,188,0.9812
Optimal,128,4,after,10000,643,0.9357
Optimal,128,4,overall,20000,831,0.9585
Learned (static),128,4,before,10000,188,0.9812
Learned (static),128,4,after,10000,1907,0.8093
Learned (static),128,4,overall,20000,2095,0.8952
Learned (adaptive),128,4,before,10000,188,0.9812
Learned (adaptive),128,4,after,10000,1923,0.8077
Learned (adaptive),128,4,overall,20000,2111,0.8944
